{"cameraMode":{"drawMode":0,"name":"Shaded","section":"Shading Mode"},"sceneLighting":true,"audioPlay":false,"sceneViewState":{"showFog":true,"showMaterialUpdate":true,"showSkybox":true,"showFlares":true,"showImageEffects":true,"showParticleSystems":true},"in2DMode":false,"pivot":{"x":4.85565185546875,"y":8.574386596679688,"z":-2.4716453552246095},"rotation":{"x":0.09524674713611603,"y":-0.1117459237575531,"z":0.010760719887912274,"w":0.9891031980514526},"size":11.778295516967774,"orthographic":false}