{"cameraMode":{"drawMode":0,"name":"Shaded","section":"Shading Mode"},"sceneLighting":false,"audioPlay":false,"sceneViewState":{"showFog":true,"showMaterialUpdate":false,"showSkybox":true,"showFlares":true,"showImageEffects":true,"showParticleSystems":true},"in2DMode":false,"pivot":{"x":0.4912262558937073,"y":0.7866290211677551,"z":10.005725860595704},"rotation":{"x":0.00023397881886921823,"y":0.9997379183769226,"z":-0.019497375935316087,"w":0.01199745386838913},"size":5.472431182861328,"orthographic":false}